date,state,PRC,AVGT,MAXT,MINT
3/3/18,AK,0.06593750000000001,17.02127659574468,23.291666666666668,10.443181818181818
3/4/18,AK,0.036280487804878046,16.47872340425532,25.48314606741573,8.352059925093632
3/5/18,AK,0.02832298136645963,16.925133689839573,25.875,8.136363636363637
3/6/18,AK,0.050484848484848494,18.946524064171122,26.193181818181817,10.954545454545455
3/7/18,AK,0.046347305389221556,19.54787234042553,27.23507462686567,12.313432835820896
3/8/18,AK,0.18113207547169813,19.20212765957447,26.25,11.098484848484848
3/9/18,AK,0.1570552147239264,19.73404255319149,26.852830188679246,13.984905660377358
3/15/18,AK,0.08873417721518988,19.8994708994709,28.556818181818183,12.071969696969697
3/17/18,AK,0.023850931677018638,20.96825396825397,31.557620817843866,12.773234200743495
3/18/18,AK,0.041768292682926825,25.280423280423282,33.45220588235294,18.455882352941178
3/19/18,AK,0.1405487804878049,25.455026455026456,32.02952029520295,19.343173431734318
3/21/18,AK,0.026196319018404912,16.889473684210525,26.646840148698885,7.940520446096654
3/23/18,AK,0.010736196319018405,19.86315789473684,31.89667896678967,8.808118081180812
3/24/18,AK,0.01812121212121212,18.099476439790575,29.915750915750916,7.131868131868132
3/3/18,AL,0.0003745318352059925,51.92307692307692,66.6144578313253,35.80722891566265
3/4/18,AL,0.0009090909090909091,54.23076923076923,69.30588235294118,36.56470588235294
3/5/18,AL,0.031315789473684214,57.07692307692308,68.4047619047619,43.98809523809524
3/6/18,AL,0.4809352517985611,59.15384615384615,66.52325581395348,47.80232558139535
3/7/18,AL,0.16341911764705883,46.84615384615385,57.74698795180723,37.433734939759034
3/8/18,AL,0.0012030075187969924,42.38461538461539,53.674698795180724,30.771084337349397
3/9/18,AL,0.0012156862745098039,46.69230769230769,60.5,29.095238095238095
3/15/18,AL,0.0006225680933852142,49.53846153846154,63.71951219512195,29.878048780487806
3/17/18,AL,0.14799256505576208,65.53846153846153,75.11538461538461,52.51948051948052
3/18/18,AL,0.09920318725099601,65.0,74.2625,55.0875
3/19/18,AL,0.25284671532846714,65.6923076923077,73.85882352941177,56.83529411764706
3/21/18,AL,0.02388679245283019,47.53846153846154,60.02298850574713,37.71264367816092
3/23/18,AL,0.0016279069767441861,52.61538461538461,65.58024691358025,36.55555555555556
3/24/18,AL,0.003372549019607843,62.84615384615385,72.3048780487805,47.073170731707314
3/3/18,AR,0.000125,50.125,61.5,35.416666666666664
3/4/18,AR,0.033280000000000004,49.125,60.40229885057471,39.41379310344828
3/5/18,AR,0.2572696245733788,56.0,61.93617021276596,43.56382978723404
3/6/18,AR,0.03537878787878788,46.5,67.73626373626374,34.285714285714285
3/7/18,AR,0.0006048387096774195,38.625,58.53409090909091,31.40909090909091
3/8/18,AR,0.0005327868852459017,41.875,53.168539325842694,28.528089887640448
3/9/18,AR,0.00023904382470119523,53.875,60.73626373626374,32.2967032967033
3/15/18,AR,8.264462809917356e-05,57.125,64.20454545454545,32.98863636363637
3/17/18,AR,0.012510638297872342,57.25,73.2,45.9625
3/18/18,AR,0.041478260869565214,51.875,70.02352941176471,45.082352941176474
3/19/18,AR,0.25371527777777775,53.125,65.36781609195403,46.6551724137931
3/21/18,AR,0.004631147540983606,46.875,57.89887640449438,36.98876404494382
3/23/18,AR,0.001506276150627615,61.0,69.4367816091954,41.08045977011494
3/24/18,AR,0.0014718614718614723,67.0,73.9080459770115,50.97701149425287
3/3/18,AZ,0.0005194805194805195,45.68888888888889,62.42168674698795,34.73652694610779
3/4/18,AZ,0.0010204081632653062,39.166666666666664,55.688235294117646,31.49122807017544
3/5/18,AZ,0.0001288659793814433,37.48888888888889,56.7710843373494,27.226190476190474
3/6/18,AZ,0.0005089058524173028,42.18888888888889,61.333333333333336,29.5
3/7/18,AZ,0.0005141388174807199,45.77777777777778,63.751479289940825,32.76190476190476
3/8/18,AZ,0.0033678756476683944,49.3,67.22699386503068,37.603658536585364
3/9/18,AZ,0.0036103896103896107,49.955555555555556,68.4311377245509,36.94642857142857
3/15/18,AZ,0.01144,41.166666666666664,57.5625,38.07453416149068
3/17/18,AZ,0.0014480874316939892,42.355555555555554,57.877300613496935,34.33742331288344
3/18/18,AZ,0.04742268041237114,36.56666666666667,52.484472049689444,31.803680981595093
3/19/18,AZ,0.00891304347826087,39.48888888888889,56.30722891566265,28.283132530120483
3/21/18,AZ,0.0035040431266846364,52.21111111111111,69.53216374269006,38.70175438596491
3/23/18,AZ,0.018937329700272478,52.7,69.14285714285714,45.90184049079755
3/24/18,AZ,0.001396011396011396,49.355555555555554,65.82692307692308,41.51592356687898
3/3/18,CA,0.33577373211963596,35.46474358974359,46.935222672064775,32.59146341463415
3/4/18,CA,0.13340369393139842,35.52229299363057,49.52436647173489,29.249027237354085
3/5/18,CA,0.0053125,40.03492063492064,56.13953488372093,29.692456479690524
3/6/18,CA,0.010290076335877862,46.629746835443036,63.04950495049505,35.07539682539682
3/7/18,CA,0.006129518072289157,49.11392405063291,63.8078431372549,39.98235294117647
3/8/18,CA,0.0986241134751773,49.55379746835443,63.19,41.704819277108435
3/9/18,CA,0.08050691244239631,49.07911392405063,62.14549180327869,42.06352459016394
3/15/18,CA,0.28807259073842306,38.36190476190476,49.9453125,34.84405458089669
3/17/18,CA,0.22915875169606512,36.85031847133758,49.518367346938774,32.70816326530612
3/18/18,CA,0.06207736389684815,39.092063492063495,52.71912350597609,30.55688622754491
3/19/18,CA,0.005912636505460219,44.74920634920635,59.28712871287129,33.59244532803181
3/21/18,CA,0.586757457846952,49.19047619047619,58.41279069767442,44.95145631067961
3/23/18,CA,0.35618666666666665,42.196825396825396,55.0218253968254,37.17261904761905
3/24/18,CA,0.16516081871345029,39.32063492063492,52.002049180327866,35.20696721311475
3/3/18,CO,0.0009493670886075951,38.034285714285716,55.111464968152866,27.170886075949365
3/4/18,CO,0.0064225053078556275,27.68,50.657051282051285,17.401273885350317
3/5/18,CO,0.019013360739979446,15.2,37.370253164556964,11.168253968253968
3/6/18,CO,0.005291666666666667,19.69142857142857,37.41269841269841,9.672955974842766
3/7/18,CO,0.004054054054054054,26.542857142857144,43.303225806451614,11.89171974522293
3/8/18,CO,0.0049163179916318,33.65714285714286,49.18333333333333,19.927392739273927
3/9/18,CO,0.0019768664563617243,34.98285714285714,51.22402597402598,25.40192926045016
3/15/18,CO,0.03716842105263158,33.53142857142857,52.590322580645164,26.694533762057876
3/17/18,CO,0.006663043478260871,32.06857142857143,48.48534201954397,20.79742765273312
3/18/18,CO,0.04060279870828848,25.754285714285714,45.370607028753994,19.573248407643312
3/19/18,CO,0.26876520112254443,21.525714285714287,40.089171974522294,16.108626198083066
3/21/18,CO,0.010171858216970999,32.925714285714285,47.012903225806454,21.58252427184466
3/23/18,CO,0.0811029411764706,36.777142857142856,53.80263157894737,30.565359477124183
3/24/18,CO,0.06233846153846154,36.264367816091955,54.63157894736842,25.583061889250814
3/3/18,CT,1.013095238095238,41.5,44.27777777777778,35.166666666666664
3/4/18,CT,0.0035000000000000005,40.5,43.05882352941177,33.588235294117645
3/5/18,CT,0.020361445783132533,35.5,41.588235294117645,30.352941176470587
3/6/18,CT,0.0014457831325301205,36.5,43.23529411764706,25.11764705882353
3/7/18,CT,0.11461538461538463,34.5,41.1764705882353,28.470588235294116
3/8/18,CT,1.0553846153846154,36.0,37.72222222222222,30.166666666666668
3/9/18,CT,0.002345679012345679,34.0,39.333333333333336,25.444444444444443
3/15/18,CT,0.019605263157894737,37.0,41.23529411764706,27.764705882352942
3/17/18,CT,0.0,34.0,40.76470588235294,21.823529411764707
3/18/18,CT,0.0,29.5,40.55555555555556,17.333333333333332
3/19/18,CT,0.0,33.5,36.94444444444444,18.666666666666668
3/21/18,CT,0.014533333333333334,35.5,39.333333333333336,24.555555555555557
3/23/18,CT,0.003717948717948718,41.5,49.611111111111114,29.27777777777778
3/24/18,CT,0.0,41.5,48.166666666666664,30.11111111111111
3/3/18,DE,0.22499999999999998,40.0,51.0,37.0
3/4/18,DE,0.0005882352941176471,42.0,50.0,33.0
3/5/18,DE,0.0,37.0,47.0,29.5
3/6/18,DE,0.05384615384615385,36.0,49.0,26.5
3/7/18,DE,0.7813157894736841,34.0,40.5,34.0
3/8/18,DE,0.5986842105263157,35.0,42.0,32.5
3/9/18,DE,0.0,34.0,43.5,30.0
3/15/18,DE,0.0,37.0,48.5,30.5
3/17/18,DE,0.0002777777777777778,36.0,47.0,26.5
3/18/18,DE,0.006111111111111111,40.0,53.0,28.0
3/19/18,DE,0.0025,42.0,55.5,30.5
3/21/18,DE,0.9008823529411765,33.0,36.5,32.0
3/23/18,DE,0.0021212121212121214,38.0,47.0,33.0
3/24/18,DE,0.0,39.0,50.5,30.5
3/3/18,FL,0.0037102473498233216,61.714285714285715,78.0,50.60740740740741
3/4/18,FL,1.76678445229682e-05,58.642857142857146,73.51470588235294,46.7007299270073
3/5/18,FL,5.199306759098787e-05,59.5,73.96212121212122,47.48148148148148
3/6/18,FL,0.016573913043478262,63.57142857142857,75.86861313868613,49.32608695652174
3/7/18,FL,0.17378912685337727,64.32142857142857,75.25,53.06617647058823
3/8/18,FL,0.026031746031746034,55.142857142857146,69.76119402985074,46.088235294117645
3/9/18,FL,0.00029824561403508774,54.107142857142854,67.97101449275362,41.92028985507246
3/15/18,FL,0.0,54.42857142857143,69.62773722627738,39.839416058394164
3/17/18,FL,0.0039743589743589745,65.96428571428571,78.92647058823529,48.25185185185185
3/18/18,FL,0.01287292817679558,70.5,82.55882352941177,55.693430656934304
3/19/18,FL,0.33382198952879577,71.03571428571429,82.36690647482014,61.57664233576642
3/21/18,FL,0.3086611570247934,63.82142857142857,77.17518248175182,55.36764705882353
3/23/18,FL,1.8214936247723133e-05,57.57142857142857,71.53787878787878,44.149253731343286
3/24/18,FL,0.00010849909584086799,62.57142857142857,75.68702290076335,47.47727272727273
3/3/18,GA,0.0003618421052631579,51.0,66.6938775510204,36.714285714285715
3/4/18,GA,0.0,49.94444444444444,66.54455445544555,35.05940594059406
3/5/18,GA,0.00195046439628483,50.888888888888886,64.75238095238095,35.76190476190476
3/6/18,GA,0.13895953757225435,54.69444444444444,64.13592233009709,42.34285714285714
3/7/18,GA,0.4514958448753463,48.083333333333336,58.333333333333336,39.411764705882355
3/8/18,GA,0.0006129032258064516,41.138888888888886,53.742574257425744,31.0
3/9/18,GA,0.00021671826625387,44.44444444444444,57.13725490196079,28.00980392156863
3/15/18,GA,0.0,49.611111111111114,61.65,29.77
3/17/18,GA,0.04012903225806452,62.083333333333336,74.5050505050505,45.37373737373738
3/18/18,GA,0.06755775577557756,66.97222222222223,77.57142857142857,54.77319587628866
3/19/18,GA,0.29887955182072834,61.583333333333336,72.46078431372548,55.23762376237624
3/21/18,GA,0.05419939577039274,46.833333333333336,62.54545454545455,39.96
3/23/18,GA,0.00029032258064516127,49.916666666666664,62.58252427184466,33.59803921568628
3/24/18,GA,0.002517482517482518,58.333333333333336,69.5050505050505,41.22222222222222
3/3/18,HI,0.08186813186813188,66.58333333333333,73.58536585365853,62.292682926829265
3/4/18,HI,0.058426966292134834,67.08333333333333,73.725,62.775
3/5/18,HI,0.11494252873563218,66.58333333333333,74.48936170212765,62.23913043478261
3/6/18,HI,0.07425742574257425,64.58333333333333,73.59574468085107,60.71739130434783
3/7/18,HI,0.08527472527472528,63.333333333333336,71.55319148936171,58.80434782608695
3/8/18,HI,0.1256179775280899,62.375,71.15217391304348,58.30434782608695
3/9/18,HI,0.11989898989898991,62.0,69.77083333333333,59.125
3/15/18,HI,1.1411578947368421,69.625,77.25,64.44186046511628
3/17/18,HI,0.01329268292682927,69.33333333333333,77.125,62.7
3/18/18,HI,0.08104477611940299,67.375,75.15,62.69230769230769
3/19/18,HI,0.4093670886075949,65.78260869565217,73.5,62.0
3/21/18,HI,0.12010204081632653,66.625,72.19565217391305,63.04347826086956
3/23/18,HI,0.4118823529411764,66.52173913043478,73.18181818181819,63.04545454545455
3/24/18,HI,1.2614473684210528,65.08333333333333,70.66666666666667,62.5
3/3/18,IA,4.184100418410042e-05,42.125,48.5,25.945945945945947
3/4/18,IA,0.0008032128514056225,44.875,53.31578947368421,33.1578947368421
3/5/18,IA,0.2551737451737452,37.875,51.66949152542373,33.38135593220339
3/6/18,IA,0.34568,30.0,37.172413793103445,25.54310344827586
3/7/18,IA,0.03266949152542373,26.375,32.06140350877193,17.885964912280702
3/8/18,IA,0.0017012448132780085,23.5,29.866071428571427,14.464285714285714
3/9/18,IA,0.0015789473684210526,27.5,33.3716814159292,15.5
3/15/18,IA,0.0,41.25,56.165217391304346,22.77391304347826
3/17/18,IA,0.3543018867924529,34.75,39.144067796610166,28.83050847457627
3/18/18,IA,0.012543859649122807,35.75,42.473214285714285,28.116071428571427
3/19/18,IA,0.006024590163934426,41.25,45.38260869565217,30.2
3/21/18,IA,0.023224489795918367,35.25,39.78448275862069,26.102564102564102
3/23/18,IA,0.021859504132231408,40.375,49.91150442477876,29.778761061946902
3/24/18,IA,0.6829838709677419,33.625,44.45794392523364,28.84259259259259
3/3/18,ID,0.13179104477611941,22.928571428571427,34.907407407407405,15.476851851851851
3/4/18,ID,0.07891625615763546,21.928571428571427,32.663594470046085,15.083333333333334
3/5/18,ID,0.06313725490196077,22.683870967741935,33.59447004608295,15.412037037037036
3/6/18,ID,0.018750000000000003,24.606451612903225,38.59447004608295,12.824074074074074
3/7/18,ID,0.03264150943396227,29.406451612903226,43.904545454545456,14.634703196347031
3/8/18,ID,0.09923076923076923,33.37820512820513,43.574074074074076,23.306976744186045
3/9/18,ID,0.1303864734299517,33.705128205128204,43.254629629629626,25.73148148148148
3/15/18,ID,0.12733990147783253,31.102564102564102,40.63720930232558,26.07906976744186
3/17/18,ID,0.20905,29.076923076923077,37.78604651162791,23.78604651162791
3/18/18,ID,0.1441871921182266,27.634615384615383,37.059633027522935,21.56422018348624
3/19/18,ID,0.04923076923076923,29.237179487179485,41.367441860465114,21.065116279069766
3/21/18,ID,0.07524038461538463,36.05769230769231,45.79372197309417,28.12556053811659
3/23/18,ID,0.2327962085308057,33.8525641025641,44.62672811059908,27.658986175115206
3/24/18,ID,0.08744897959183674,31.006410256410255,41.31018518518518,24.88425925925926
3/3/18,IL,0.00013645224171539964,41.22222222222222,49.73913043478261,28.4
3/4/18,IL,0.0001171875,43.44444444444444,52.089285714285715,30.37837837837838
3/5/18,IL,0.16699410609037327,41.666666666666664,50.00892857142857,32.796460176991154
3/6/18,IL,0.20890438247011953,37.55555555555556,42.898148148148145,30.165137614678898
3/7/18,IL,0.04012170385395538,32.888888888888886,40.4,26.830188679245282
3/8/18,IL,0.0018600000000000003,29.666666666666668,35.96190476190476,21.495238095238093
3/9/18,IL,3.968253968253968e-05,33.111111111111114,37.93457943925234,20.30841121495327
3/15/18,IL,3.929273084479372e-05,47.22222222222222,52.96363636363636,24.463636363636365
3/17/18,IL,0.20976047904191616,42.111111111111114,45.559633027522935,30.14814814814815
3/18/18,IL,0.016466942148760332,39.666666666666664,47.98198198198198,27.89189189189189
3/19/18,IL,0.009741035856573706,44.22222222222222,53.283185840707965,30.061946902654867
3/21/18,IL,0.002681451612903226,37.0,42.129629629629626,27.09090909090909
3/23/18,IL,0.005636363636363636,43.333333333333336,50.50909090909091,27.063636363636363
3/24/18,IL,0.3551302605210421,39.0,46.8018018018018,31.855855855855857
3/3/18,IN,0.002556179775280899,37.75,48.3013698630137,26.753424657534246
3/4/18,IN,0.0,39.375,48.4078947368421,27.38157894736842
3/5/18,IN,0.003829201101928375,38.625,47.164556962025316,30.050632911392405
3/6/18,IN,0.06267015706806284,40.5,47.151898734177216,29.78481012658228
3/7/18,IN,0.04914893617021278,33.375,45.25,28.85
3/8/18,IN,0.014508670520231212,29.0,34.986666666666665,23.575342465753426
3/9/18,IN,0.0011484593837535015,31.75,35.973684210526315,21.68
3/15/18,IN,8.982035928143712e-05,41.875,47.642857142857146,25.542857142857144
3/17/18,IN,0.15288515406162465,38.875,44.25974025974026,26.52
3/18/18,IN,0.01427710843373494,41.375,48.74324324324324,25.0
3/19/18,IN,0.009,44.625,56.473684210526315,29.342105263157894
3/21/18,IN,0.15008875739644972,34.375,42.276315789473685,26.63157894736842
3/23/18,IN,0.0007062146892655367,38.875,47.72,25.0
3/24/18,IN,0.14692528735632182,35.625,45.467532467532465,28.26923076923077
3/3/18,KS,0.00020737327188940092,55.625,67.97478991596638,33.865546218487395
3/4/18,KS,0.0002054794520547945,58.25,72.2542372881356,42.67226890756302
3/5/18,KS,0.0010845986984815619,48.125,67.4,37.63358778625954
3/6/18,KS,0.00022271714922048998,38.5,52.976190476190474,31.330708661417322
3/7/18,KS,0.00013513513513513514,34.0,47.09836065573771,20.333333333333332
3/8/18,KS,0.0,37.875,52.02479338842975,17.375
3/9/18,KS,0.0,47.25,58.9349593495935,22.121951219512194
3/15/18,KS,0.00025114155251141555,59.25,70.22131147540983,29.983606557377048
3/17/18,KS,0.009284116331096198,43.125,62.833333333333336,31.6
3/18/18,KS,0.015483870967741937,44.375,56.78048780487805,30.51219512195122
3/19/18,KS,0.7153857142857143,40.375,55.0703125,33.5859375
3/21/18,KS,0.00045351473922902497,43.125,52.97560975609756,26.447154471544714
3/23/18,KS,0.00013544018058690745,61.0,72.77777777777777,41.42063492063492
3/24/18,KS,0.00945578231292517,52.75,71.4396551724138,42.5948275862069
3/3/18,KY,0.0016049382716049384,40.53333333333333,52.13235294117647,28.3768115942029
3/4/18,KY,0.0017391304347826088,41.733333333333334,54.01449275362319,28.434782608695652
3/5/18,KY,0.00893491124260355,43.8,54.891891891891895,32.0
3/6/18,KY,0.054022988505747126,49.46666666666667,56.68493150684932,34.583333333333336
3/7/18,KY,0.03023952095808383,36.333333333333336,54.51428571428571,31.323529411764707
3/8/18,KY,0.010864197530864197,32.06666666666667,40.79710144927536,28.08695652173913
3/9/18,KY,0.009937500000000002,36.333333333333336,43.054054054054056,23.76388888888889
3/15/18,KY,0.004966442953020134,48.06666666666667,50.78260869565217,27.676470588235293
3/17/18,KY,0.10450980392156863,50.666666666666664,60.15492957746479,36.642857142857146
3/18/18,KY,0.03621621621621622,47.46666666666667,62.521126760563384,37.859154929577464
3/19/18,KY,0.04032679738562092,51.13333333333333,60.6986301369863,37.95890410958904
3/21/18,KY,0.30806451612903224,32.93333333333333,41.72463768115942,30.114285714285714
3/23/18,KY,0.003851351351351352,41.733333333333334,50.594202898550726,28.02857142857143
3/24/18,KY,0.3076219512195122,39.0,49.88732394366197,32.67142857142857
3/3/18,LA,0.000963855421686747,57.54545454545455,70.63636363636364,46.15384615384615
3/4/18,LA,0.002261904761904762,61.18181818181818,72.48529411764706,47.88059701492537
3/5/18,LA,0.05462427745664739,67.27272727272727,75.51470588235294,55.07462686567164
3/6/18,LA,0.9163978494623656,58.45454545454545,73.08955223880596,46.196969696969695
3/7/18,LA,0.08398809523809524,50.72727272727273,63.92537313432836,42.56060606060606
3/8/18,LA,0.0,50.72727272727273,62.4,38.640625
3/9/18,LA,0.002926829268292683,56.54545454545455,66.59701492537313,40.07462686567164
3/15/18,LA,0.0,57.54545454545455,68.609375,39.476190476190474
3/17/18,LA,0.1612179487179487,72.63636363636364,80.03030303030303,63.24242424242424
3/18/18,LA,0.18926380368098158,70.18181818181819,79.5,63.34848484848485
3/19/18,LA,0.24149700598802396,72.54545454545455,80.83582089552239,62.40298507462686
3/21/18,LA,0.0020382165605095544,56.09090909090909,68.81538461538462,43.95384615384615
3/23/18,LA,0.0,64.0,74.6,47.04615384615385
3/24/18,LA,0.001464968152866242,69.63636363636364,76.2741935483871,57.459016393442624
3/3/18,MA,1.6552808988764045,39.0,42.520833333333336,34.5
3/4/18,MA,0.009235294117647059,37.666666666666664,42.4,34.62222222222222
3/5/18,MA,0.10715909090909094,36.333333333333336,41.57692307692308,31.07843137254902
3/6/18,MA,0.00576271186440678,34.333333333333336,41.69230769230769,28.442307692307693
3/7/18,MA,0.09812154696132598,34.333333333333336,39.851851851851855,30.444444444444443
3/8/18,MA,1.1242696629213484,33.666666666666664,37.34,30.28
3/9/18,MA,0.03,32.0,37.529411764705884,26.19607843137255
3/15/18,MA,0.03040229885057472,34.666666666666664,38.77358490566038,29.056603773584907
3/17/18,MA,0.00017142857142857143,29.0,38.21568627450981,20.980392156862745
3/18/18,MA,0.0,22.666666666666668,37.18,13.666666666666666
3/19/18,MA,0.0,27.333333333333332,34.528301886792455,14.88679245283019
3/21/18,MA,0.01477272727272727,33.333333333333336,39.53846153846154,24.173076923076923
3/23/18,MA,0.044268292682926834,37.0,44.4,27.3
3/24/18,MA,0.00047904191616766467,38.333333333333336,45.745098039215684,28.615384615384617
3/3/18,MD,0.03131386861313869,42.333333333333336,46.55,32.6
3/4/18,MD,0.0003703703703703704,42.0,47.25,31.15
3/5/18,MD,0.0,38.0,46.22727272727273,25.59090909090909
3/6/18,MD,0.02134751773049645,37.0,43.95652173913044,24.217391304347824
3/7/18,MD,0.44586666666666663,39.0,42.083333333333336,30.458333333333332
3/8/18,MD,0.07950354609929078,38.0,42.095238095238095,28.571428571428573
3/9/18,MD,0.011791044776119404,36.666666666666664,40.61904761904762,27.476190476190474
3/15/18,MD,0.0013636363636363635,39.333333333333336,42.26315789473684,27.473684210526315
3/17/18,MD,0.00014598540145985403,35.666666666666664,41.4,24.6
3/18/18,MD,0.002898550724637681,41.333333333333336,46.8,26.5
3/19/18,MD,0.0,43.0,55.476190476190474,28.61904761904762
3/21/18,MD,0.8554285714285713,33.333333333333336,34.0,28.095238095238095
3/23/18,MD,0.013333333333333334,40.666666666666664,44.38095238095238,28.571428571428573
3/24/18,MD,0.0,40.0,46.421052631578945,26.894736842105264
3/3/18,ME,0.06050847457627119,37.333333333333336,38.78846153846154,30.03846153846154
3/4/18,ME,0.00045871559633027525,35.833333333333336,39.64,30.958333333333332
3/5/18,ME,0.022252252252252254,34.833333333333336,39.46938775510204,29.163265306122447
3/6/18,ME,0.0,32.666666666666664,38.01960784313726,27.153846153846153
3/7/18,ME,0.011355932203389832,31.833333333333332,35.78846153846154,27.41509433962264
3/8/18,ME,0.7269444444444443,30.833333333333332,31.547169811320753,26.314814814814813
3/9/18,ME,0.43790909090909086,31.333333333333332,32.471698113207545,21.90740740740741
3/15/18,ME,0.24221153846153848,33.333333333333336,34.8235294117647,26.865384615384617
3/17/18,ME,0.0005454545454545455,19.833333333333332,27.980392156862745,10.784313725490197
3/18/18,ME,0.0,17.5,22.452830188679247,3.111111111111111
3/19/18,ME,0.0,20.666666666666668,25.823529411764707,4.333333333333333
3/21/18,ME,8.620689655172414e-05,30.0,38.76923076923077,10.076923076923077
3/23/18,ME,0.042702702702702704,35.5,41.666666666666664,23.46938775510204
3/24/18,ME,0.0067619047619047615,35.5,43.56,24.7
3/3/18,MI,0.0030612244897959186,28.11764705882353,39.81818181818182,17.335664335664337
3/4/18,MI,0.0,29.41176470588235,40.20666666666666,18.966442953020135
3/5/18,MI,0.00012944983818770226,28.41176470588235,38.51948051948052,20.428571428571427
3/6/18,MI,0.051222570532915374,27.529411764705884,35.84615384615385,23.454545454545453
3/7/18,MI,0.170926517571885,25.41176470588235,32.5796178343949,22.777070063694268
3/8/18,MI,0.07652317880794701,25.823529411764707,30.07894736842105,20.223684210526315
3/9/18,MI,0.0322972972972973,27.58823529411765,31.3,21.7
3/15/18,MI,0.002745762711864407,26.058823529411764,36.87837837837838,18.777027027027028
3/17/18,MI,6.622516556291391e-05,29.529411764705884,39.07142857142857,14.225806451612904
3/18/18,MI,0.0013513513513513514,33.470588235294116,46.05921052631579,18.138157894736842
3/19/18,MI,0.0,28.58823529411765,45.93589743589744,21.108974358974358
3/21/18,MI,0.0,25.647058823529413,35.05194805194805,18.41830065359477
3/23/18,MI,0.0,27.705882352941178,39.45161290322581,17.6
3/24/18,MI,0.0,27.0,38.04026845637584,17.722972972972972
3/3/18,MN,0.0004513888888888889,35.03030303030303,41.577777777777776,16.94160583941606
3/4/18,MN,0.022593856655290102,35.21212121212121,41.54225352112676,29.802816901408452
3/5/18,MN,0.1779421221864952,30.818181818181817,38.3986013986014,28.517482517482517
3/6/18,MN,0.3654545454545454,23.060606060606062,33.59722222222222,18.57638888888889
3/7/18,MN,0.004829931972789116,15.303030303030303,29.257142857142856,5.357142857142857
3/8/18,MN,0.00020202020202020202,17.09090909090909,27.625,3.3823529411764706
3/9/18,MN,0.00010033444816053511,19.181818181818183,30.85820895522388,4.932835820895522
3/15/18,MN,0.0,24.181818181818183,39.82222222222222,15.889705882352942
3/17/18,MN,0.0006968641114982578,31.515151515151516,42.827338129496404,14.251798561151078
3/18/18,MN,3.401360544217687e-05,31.696969696969695,44.1231884057971,18.536231884057973
3/19/18,MN,0.001081081081081081,30.272727272727273,39.29710144927536,24.904411764705884
3/21/18,MN,0.03727868852459017,27.666666666666668,34.15555555555556,19.79259259259259
3/23/18,MN,0.0028524590163934425,30.393939393939394,40.97037037037037,20.4
3/24/18,MN,0.0717687074829932,29.151515151515152,38.81679389312977,22.419847328244273
3/3/18,MO,2.34192037470726e-05,47.05882352941177,58.02290076335878,29.0381679389313
3/4/18,MO,0.00687793427230047,49.470588235294116,61.30534351145038,35.89312977099237
3/5/18,MO,0.3827743271221532,48.8235294117647,58.08029197080292,39.54744525547445
3/6/18,MO,0.03172995780590717,39.0,52.405797101449274,32.96376811594203
3/7/18,MO,0.008426724137931035,34.23529411764706,43.25757575757576,28.28787878787879
3/8/18,MO,0.000899122807017544,33.588235294117645,41.045801526717554,23.374045801526716
3/9/18,MO,0.0006798245614035087,42.23529411764706,47.708955223880594,24.437037037037037
3/15/18,MO,4.3956043956043955e-05,56.05882352941177,63.42424242424242,27.083333333333332
3/17/18,MO,0.1191705069124424,45.8235294117647,54.89393939393939,38.15151515151515
3/18/18,MO,0.006136363636363637,42.23529411764706,48.323076923076925,36.14728682170543
3/19/18,MO,0.20351230425055927,44.529411764705884,49.78102189781022,37.51798561151079
3/21/18,MO,0.010550847457627119,41.1764705882353,48.58646616541353,32.75373134328358
3/23/18,MO,0.007266666666666668,51.11764705882353,58.93129770992366,36.152671755725194
3/24/18,MO,0.14892201834862384,50.76470588235294,57.76377952755905,41.48412698412698
3/3/18,MS,0.00025157232704402514,53.11764705882353,67.27777777777777,38.0
3/4/18,MS,0.0022580645161290325,55.529411764705884,69.87037037037037,38.75925925925926
3/5/18,MS,0.1273170731707317,61.705882352941174,72.36206896551724,45.03508771929825
3/6/18,MS,0.9386702127659576,58.88235294117647,70.51785714285714,44.32142857142857
3/7/18,MS,0.0820125786163522,48.0,61.666666666666664,37.05555555555556
3/8/18,MS,6.329113924050633e-05,45.94117647058823,56.53703703703704,33.166666666666664
3/9/18,MS,0.0005128205128205128,50.470588235294116,61.94230769230769,33.48076923076923
3/15/18,MS,0.0,51.294117647058826,64.0,32.163636363636364
3/17/18,MS,0.6221142857142857,69.0,73.12962962962963,55.283018867924525
3/18/18,MS,0.10675000000000001,64.41176470588235,75.14285714285714,57.232142857142854
3/19/18,MS,0.43762711864406784,69.23529411764706,74.21818181818182,57.92727272727273
3/21/18,MS,0.007027027027027027,51.470588235294116,60.74074074074074,39.18518518518518
3/23/18,MS,0.00033112582781456954,58.94117647058823,70.39622641509433,40.0
3/24/18,MS,0.0011038961038961038,67.11764705882354,75.27777777777777,51.629629629629626
3/3/18,MT,0.04641509433962263,22.505555555555556,33.47569444444444,12.839721254355402
3/4/18,MT,0.11901197604790419,19.58888888888889,28.102389078498295,12.982876712328768
3/5/18,MT,0.11036697247706423,20.92222222222222,28.699324324324323,12.908474576271187
3/6/18,MT,0.02488888888888889,22.977777777777778,31.695501730103807,12.26388888888889
3/7/18,MT,0.018439490445859876,26.855555555555554,38.498257839721255,10.874125874125873
3/8/18,MT,0.06599358974358975,30.55,38.35664335664335,18.552447552447553
3/9/18,MT,0.09828125000000001,31.441340782122904,39.89895470383275,20.132867132867133
3/15/18,MT,0.11194444444444446,32.52777777777778,40.87972508591065,25.093425605536332
3/17/18,MT,0.07184952978056426,29.43888888888889,39.55972696245734,21.780068728522338
3/18/18,MT,0.09102803738317757,28.655555555555555,37.121212121212125,23.828282828282827
3/19/18,MT,0.061310975609756097,29.283333333333335,38.925925925925924,23.64527027027027
3/21/18,MT,0.011265822784810125,33.7,45.523972602739725,21.553264604810998
3/23/18,MT,0.09339622641509435,35.0,44.9612676056338,28.433098591549296
3/24/18,MT,0.07563333333333333,31.005555555555556,42.66083916083916,23.255244755244757
3/3/18,NC,0.0005314009661835748,45.23684210526316,55.78378378378378,34.29054054054054
3/4/18,NC,0.00044800000000000005,44.46153846153846,56.74657534246575,31.79054054054054
3/5/18,NC,0.00011182108626198082,43.0,57.152317880794705,29.350993377483444
3/6/18,NC,0.0658920539730135,43.30769230769231,53.729729729729726,31.644295302013422
3/7/18,NC,0.3959206798866855,42.94871794871795,50.40689655172414,34.289655172413795
3/8/18,NC,0.008135860979462875,36.35897435897436,47.730496453900706,27.85211267605634
3/9/18,NC,0.003085443037974684,38.84615384615385,48.492753623188406,25.755395683453237
3/15/18,NC,0.003144246353322528,46.07692307692308,53.68840579710145,25.242857142857144
3/17/18,NC,0.006844660194174758,54.205128205128204,68.93150684931507,35.6
3/18/18,NC,0.12980625931445605,54.17948717948718,67.71527777777777,40.75524475524475
3/19/18,NC,0.01478740157480315,54.58974358974359,64.56338028169014,43.30769230769231
3/21/18,NC,0.36503556187766717,37.46153846153846,52.67333333333333,34.08
3/23/18,NC,0.002827476038338658,42.30769230769231,52.889655172413796,29.5
3/24/18,NC,0.034635332252836305,41.15384615384615,52.31468531468531,31.092198581560282
3/3/18,ND,0.0036144578313253017,29.266666666666666,34.721311475409834,19.311475409836067
3/4/18,ND,0.03487179487179488,32.666666666666664,35.274193548387096,26.5
3/5/18,ND,0.31430232558139526,27.615384615384617,32.98275862068966,24.32758620689655
3/6/18,ND,0.4032183908045977,19.846153846153847,25.966666666666665,14.721311475409836
3/7/18,ND,0.007901234567901235,14.0,23.5,4.433333333333334
3/8/18,ND,0.002435897435897436,12.933333333333334,23.339285714285715,1.5357142857142858
3/9/18,ND,0.003414634146341464,18.133333333333333,25.442622950819672,4.852459016393443
3/15/18,ND,0.0,22.733333333333334,35.172413793103445,11.637931034482758
3/17/18,ND,0.0004761904761904762,26.6,35.03389830508475,12.94915254237288
3/18/18,ND,0.018095238095238095,31.133333333333333,36.7,20.233333333333334
3/19/18,ND,0.19393258426966295,30.0,34.18032786885246,25.442622950819672
3/21/18,ND,0.014069767441860465,31.466666666666665,36.7,22.0
3/23/18,ND,0.10337349397590363,31.6,36.267857142857146,26.303571428571427
3/24/18,ND,0.18188235294117647,31.466666666666665,34.08771929824562,27.771929824561404
3/3/18,NE,0.0,45.69230769230769,61.72477064220183,28.81651376146789
3/4/18,NE,0.0014942528735632185,41.23076923076923,62.640776699029125,33.69230769230769
3/5/18,NE,0.03688473520249221,34.46153846153846,54.34905660377358,27.70754716981132
3/6/18,NE,0.03976510067114094,28.153846153846153,39.095238095238095,23.295238095238094
3/7/18,NE,0.015653710247349822,27.46153846153846,36.35849056603774,16.39622641509434
3/8/18,NE,0.0,32.92307692307692,44.333333333333336,14.480392156862745
3/9/18,NE,0.00042704626334519574,41.76923076923077,51.885714285714286,21.038095238095238
3/15/18,NE,0.005214285714285714,46.92307692307692,66.51851851851852,27.925233644859812
3/17/18,NE,0.28372654155495974,33.46153846153846,41.669724770642205,26.587155963302752
3/18/18,NE,0.013872053872053872,35.46153846153846,44.36607142857143,27.517857142857142
3/19/18,NE,0.28214814814814815,33.46153846153846,41.25925925925926,29.64814814814815
3/21/18,NE,0.009423728813559323,40.30769230769231,50.23364485981308,23.60185185185185
3/23/18,NE,0.020602006688963212,47.92307692307692,63.925925925925924,35.657407407407405
3/24/18,NE,0.3065825688073395,41.84615384615385,55.42342342342342,33.711711711711715
3/3/18,NH,0.4291836734693878,28.5,41.76923076923077,32.48717948717949
3/4/18,NH,0.0010526315789473684,26.0,43.256410256410255,32.48717948717949
3/5/18,NH,0.06670103092783505,24.0,40.166666666666664,27.928571428571427
3/6/18,NH,0.006082474226804123,29.5,40.54761904761905,21.761904761904763
3/7/18,NH,0.0456,24.0,38.30232558139535,24.767441860465116
3/8/18,NH,0.7951063829787234,24.0,31.954545454545453,26.227272727272727
3/9/18,NH,0.23054945054945056,19.0,33.285714285714285,19.046511627906977
3/15/18,NH,0.10978947368421052,25.0,36.04761904761905,27.333333333333332
3/17/18,NH,0.0038043478260869567,12.333333333333334,31.210526315789473,13.105263157894736
3/18/18,NH,0.002061855670103093,17.0,28.15,1.275
3/19/18,NH,0.023009708737864076,11.666666666666666,27.26829268292683,3.357142857142857
3/21/18,NH,0.0,26.333333333333332,40.13953488372093,11.767441860465116
3/23/18,NH,0.005833333333333334,30.666666666666668,45.26190476190476,22.27906976744186
3/24/18,NH,0.0004347826086956522,34.666666666666664,43.76315789473684,25.153846153846153
3/3/18,NJ,0.7260465116279069,39.666666666666664,42.714285714285715,32.67857142857143
3/4/18,NJ,0.0006310679611650486,41.333333333333336,45.82142857142857,32.964285714285715
3/5/18,NJ,0.0,37.333333333333336,44.758620689655174,28.93103448275862
3/6/18,NJ,0.004009433962264152,37.333333333333336,45.44827586206897,25.310344827586206
3/7/18,NJ,0.3959024390243903,37.333333333333336,44.57142857142857,29.714285714285715
3/8/18,NJ,1.3687499999999997,36.0,38.0,29.857142857142858
3/9/18,NJ,0.001139896373056995,35.666666666666664,40.892857142857146,27.0
3/15/18,NJ,0.003177083333333334,38.333333333333336,42.206896551724135,29.82758620689655
3/17/18,NJ,0.0008854166666666667,37.666666666666664,44.17857142857143,25.714285714285715
3/18/18,NJ,0.00015706806282722512,38.0,47.148148148148145,25.185185185185187
3/19/18,NJ,0.0,39.666666666666664,47.035714285714285,25.392857142857142
3/21/18,NJ,0.31153465346534653,34.666666666666664,36.80769230769231,28.96153846153846
3/23/18,NJ,0.0009708737864077671,41.333333333333336,48.10344827586207,30.75862068965517
3/24/18,NJ,4.854368932038835e-05,41.0,48.357142857142854,30.214285714285715
3/3/18,NM,0.0011363636363636363,40.41379310344828,62.65555555555556,28.902173913043477
3/4/18,NM,6.78733031674208e-05,36.310344827586206,61.714285714285715,27.956989247311828
3/5/18,NM,0.00021978021978021978,27.137931034482758,55.369565217391305,22.01063829787234
3/6/18,NM,0.00021598272138228944,29.586206896551722,52.21348314606742,19.076923076923077
3/7/18,NM,0.0006521739130434783,34.89655172413793,55.53333333333333,19.591397849462364
3/8/18,NM,0.0008658008658008658,39.86206896551724,60.53846153846154,29.333333333333332
3/9/18,NM,0.0002207505518763797,40.724137931034484,63.94186046511628,31.770114942528735
3/15/18,NM,0.012219730941704036,36.37931034482759,61.41111111111111,33.94505494505494
3/17/18,NM,0.0005287356321839081,37.241379310344826,59.0919540229885,32.03370786516854
3/18/18,NM,0.010068649885583522,29.586206896551722,56.07608695652174,30.648936170212767
3/19/18,NM,0.010982142857142857,28.0,51.522222222222226,24.456521739130434
3/21/18,NM,0.0034403669724770644,41.275862068965516,62.632183908045974,28.865168539325843
3/23/18,NM,0.0041339491916859115,44.55172413793103,69.86666666666666,39.92391304347826
3/24/18,NM,0.0022790697674418604,43.172413793103445,68.03370786516854,36.175824175824175
3/3/18,NV,0.2124581005586592,25.189473684210526,37.188311688311686,21.06451612903226
3/4/18,NV,0.043146067415730335,21.4,35.14935064935065,14.393548387096773
3/5/18,NV,0.0076,22.36842105263158,38.09933774834437,11.867549668874172
3/6/18,NV,0.0011976047904191617,28.147368421052633,44.208333333333336,14.805555555555555
3/7/18,NV,0.004216867469879518,34.126315789473686,47.82876712328767,22.246575342465754
3/8/18,NV,0.0017964071856287427,39.11578947368421,51.69655172413793,26.90344827586207
3/9/18,NV,0.0066867469879518075,38.93684210526316,52.97931034482759,30.26206896551724
3/15/18,NV,0.14173652694610778,28.33684210526316,41.312056737588655,24.24113475177305
3/17/18,NV,0.13111764705882353,25.010526315789473,37.208333333333336,19.77777777777778
3/18/18,NV,0.02244186046511628,25.273684210526316,38.91891891891892,17.05442176870748
3/19/18,NV,0.008588957055214723,30.652631578947368,44.62758620689655,21.17361111111111
3/21/18,NV,0.22758620689655176,41.17894736842105,51.53146853146853,34.4375
3/23/18,NV,0.33483146067415726,37.09574468085106,49.21232876712329,31.075342465753426
3/24/18,NV,0.034937499999999996,33.9468085106383,46.67857142857143,28.807142857142857
3/3/18,NY,0.541887323943662,34.84615384615385,35.495327102803735,28.10185185185185
3/4/18,NY,0.002880886426592798,34.61538461538461,35.705357142857146,26.27433628318584
3/5/18,NY,0.010440771349862259,31.615384615384617,34.51304347826087,21.724137931034484
3/6/18,NY,0.0016621983914209115,33.53846153846154,36.415929203539825,21.238938053097346
3/7/18,NY,0.12604336043360434,33.15384615384615,38.61946902654867,26.07017543859649
3/8/18,NY,0.3779722222222222,32.15384615384615,35.414414414414416,26.535714285714285
3/9/18,NY,0.0615954415954416,31.076923076923077,34.30357142857143,23.743362831858406
3/15/18,NY,0.15188888888888888,32.92307692307692,34.44144144144144,23.830357142857142
3/17/18,NY,0.005371428571428572,29.307692307692307,32.705357142857146,16.504424778761063
3/18/18,NY,0.0,26.307692307692307,37.339285714285715,10.455357142857142
3/19/18,NY,0.0002972972972972973,28.307692307692307,36.64957264957265,12.333333333333334
3/21/18,NY,0.030566037735849056,30.615384615384617,36.25454545454546,15.284403669724771
3/23/18,NY,0.0012499999999999998,35.38461538461539,41.14159292035398,23.628318584070797
3/24/18,NY,0.0,34.92307692307692,39.846846846846844,23.071428571428573
3/3/18,OH,0.01741935483870968,32.55555555555556,41.33783783783784,25.12162162162162
3/4/18,OH,0.0014634146341463417,32.666666666666664,43.13513513513514,24.027027027027028
3/5/18,OH,4.032258064516129e-05,32.888888888888886,43.29333333333334,24.213333333333335
3/6/18,OH,0.010511811023622048,40.22222222222222,47.473684210526315,29.039473684210527
3/7/18,OH,0.031646586345381526,35.55555555555556,47.53164556962025,29.807692307692307
3/8/18,OH,0.03,27.77777777777778,35.61333333333334,23.986666666666668
3/9/18,OH,0.031319148936170216,29.444444444444443,34.13513513513514,24.136986301369863
3/15/18,OH,0.003218884120171674,36.0,40.4,25.373333333333335
3/17/18,OH,0.05032388663967611,33.111111111111114,41.44,21.586666666666666
3/18/18,OH,0.016276150627615064,37.77777777777778,48.82432432432432,21.864864864864863
3/19/18,OH,0.0016326530612244899,41.666666666666664,54.32911392405063,25.575
3/21/18,OH,0.24173387096774196,32.22222222222222,40.25,28.2875
3/23/18,OH,0.0005106382978723404,33.77777777777778,43.49333333333333,22.626666666666665
3/24/18,OH,0.0038912133891213386,32.666666666666664,43.48,22.743243243243242
3/3/18,OK,0.0002553191489361702,55.857142857142854,69.9047619047619,39.785714285714285
3/4/18,OK,0.007889908256880733,57.285714285714285,67.30232558139535,49.04651162790697
3/5/18,OK,0.00874439461883408,55.714285714285715,63.666666666666664,39.61904761904762
3/6/18,OK,0.0,46.0,60.61904761904762,29.666666666666668
3/7/18,OK,0.0,39.142857142857146,56.61904761904762,26.095238095238095
3/8/18,OK,0.0,45.142857142857146,61.926829268292686,26.073170731707318
3/9/18,OK,0.0,56.285714285714285,70.45,35.625
3/15/18,OK,0.0,59.142857142857146,72.83720930232558,36.86046511627907
3/17/18,OK,0.00022522522522522523,53.42857142857143,69.69767441860465,38.0
3/18/18,OK,0.014082568807339449,54.42857142857143,67.16279069767442,41.2093023255814
3/19/18,OK,0.1153784860557769,51.142857142857146,61.348837209302324,42.0
3/21/18,OK,0.0,49.142857142857146,63.80952380952381,31.071428571428573
3/23/18,OK,0.0,65.0,78.30952380952381,50.92857142857143
3/24/18,OK,0.0,65.42857142857143,75.20930232558139,51.69767441860465
3/3/18,OR,0.09926229508196721,27.61576354679803,39.10320284697509,22.847517730496453
3/4/18,OR,0.09044989775051125,28.75980392156863,39.80281690140845,23.10211267605634
3/5/18,OR,0.038262626262626255,30.754901960784313,44.278169014084504,22.473498233215548
3/6/18,OR,0.0113855421686747,34.92156862745098,49.8932384341637,22.989285714285714
3/7/18,OR,0.01052,38.94088669950739,50.68214285714286,29.632142857142856
3/8/18,OR,0.1391715976331361,39.23645320197044,47.489208633093526,33.67985611510792
3/9/18,OR,0.33196850393700783,37.758620689655174,47.6309963099631,31.952205882352942
3/15/18,OR,0.09624266144814092,31.91625615763547,43.05,26.839285714285715
3/17/18,OR,0.12184890656063618,31.738916256157637,40.691756272401435,28.82437275985663
3/18/18,OR,0.09584313725490197,33.206896551724135,44.38652482269504,27.279151943462896
3/19/18,OR,0.02611764705882353,35.48275862068966,48.24285714285714,27.06761565836299
3/21/18,OR,0.08284332688588007,40.94088669950739,51.14336917562724,34.982078853046595
3/23/18,OR,0.5450383141762452,31.17241379310345,39.829787234042556,27.429078014184398
3/24/18,OR,0.5116167664670659,30.24137931034483,39.738351254480285,25.157706093189965
3/3/18,PA,0.17487455197132618,33.125,38.03738317757009,27.149532710280372
3/4/18,PA,0.003720136518771331,34.25,39.14912280701754,24.736842105263158
3/5/18,PA,0.012790697674418604,31.375,40.35042735042735,20.34188034188034
3/6/18,PA,0.015387096774193547,33.5,40.741379310344826,19.65811965811966
3/7/18,PA,0.18933333333333335,35.0,40.693693693693696,26.306306306306308
3/8/18,PA,0.26973421926910296,31.875,37.495726495726494,24.555555555555557
3/9/18,PA,0.040033222591362126,30.875,34.5,24.474137931034484
3/15/18,PA,0.030498338870431893,33.0,34.13157894736842,23.614035087719298
3/17/18,PA,0.0018620689655172416,31.75,37.054054054054056,18.01801801801802
3/18/18,PA,0.0012982456140350877,36.25,43.89908256880734,18.6697247706422
3/19/18,PA,0.000528052805280528,36.875,49.21551724137931,21.581196581196583
3/21/18,PA,0.29632867132867136,32.0,36.27433628318584,25.27433628318584
3/23/18,PA,0.0021452145214521452,34.75,41.52136752136752,23.23076923076923
3/24/18,PA,0.0,35.0,41.80701754385965,22.026315789473685
3/3/18,RI,2.1597142857142853,40.0,44.285714285714285,34.714285714285715
3/4/18,RI,0.0033333333333333335,41.0,44.42857142857143,34.857142857142854
3/5/18,RI,0.041818181818181824,37.0,43.857142857142854,32.0
3/6/18,RI,0.0024999999999999996,37.0,43.125,29.375
3/7/18,RI,0.225,35.0,40.111111111111114,28.88888888888889
3/8/18,RI,1.064705882352941,35.0,40.111111111111114,32.0
3/9/18,RI,0.0471875,35.0,40.75,28.5
3/15/18,RI,0.0006451612903225806,37.0,43.625,30.875
3/17/18,RI,0.0,33.0,43.55555555555556,23.77777777777778
3/18/18,RI,0.0,27.0,39.44444444444444,17.555555555555557
3/19/18,RI,0.0,31.0,40.22222222222222,21.444444444444443
3/21/18,RI,0.02484848484848485,36.0,39.375,29.5
3/23/18,RI,0.022187500000000002,41.0,49.22222222222222,28.0
3/24/18,RI,0.0,42.0,49.77777777777778,32.111111111111114
3/3/18,SC,0.00043010752688172043,49.55555555555556,64.11428571428571,35.929577464788736
3/4/18,SC,0.00021505376344086021,48.111111111111114,62.64383561643836,32.726027397260275
3/5/18,SC,0.000633245382585752,48.888888888888886,62.472972972972975,31.16216216216216
3/6/18,SC,0.05081632653061225,51.888888888888886,61.666666666666664,38.43055555555556
3/7/18,SC,0.395,49.0,56.50704225352113,39.690140845070424
3/8/18,SC,0.00027100271002710027,40.77777777777778,54.88235294117647,28.757142857142856
3/9/18,SC,2.73224043715847e-05,42.44444444444444,54.10144927536232,26.72463768115942
3/15/18,SC,5.4200542005420054e-05,49.22222222222222,57.73529411764706,28.16176470588235
3/17/18,SC,0.015192307692307692,59.0,74.77611940298507,43.35820895522388
3/18/18,SC,0.07582697201017813,64.77777777777777,73.45945945945945,48.42465753424658
3/19/18,SC,0.13120204603580563,59.333333333333336,70.17142857142858,51.36619718309859
3/21/18,SC,0.20265151515151514,47.333333333333336,67.26470588235294,40.970588235294116
3/23/18,SC,0.00030470914127423825,48.77777777777778,60.79710144927536,31.391304347826086
3/24/18,SC,0.005159420289855072,53.333333333333336,62.323076923076925,37.184615384615384
3/3/18,SD,5.0251256281407036e-05,38.72222222222222,43.92156862745098,23.04854368932039
3/4/18,SD,0.005721153846153846,31.0,41.13461538461539,26.990384615384617
3/5/18,SD,0.1687557603686636,24.055555555555557,35.94174757281554,22.553398058252426
3/6/18,SD,0.2672380952380953,22.77777777777778,28.7319587628866,17.463917525773194
3/7/18,SD,0.012164948453608248,22.444444444444443,28.5,11.0625
3/8/18,SD,0.0009139784946236558,28.944444444444443,32.891304347826086,8.815217391304348
3/9/18,SD,0.002487309644670051,34.77777777777778,38.64646464646464,14.97979797979798
3/15/18,SD,5.0251256281407036e-05,37.833333333333336,49.381443298969074,23.257731958762886
3/17/18,SD,0.28078260869565225,32.388888888888886,36.027522935779814,21.458715596330276
3/18/18,SD,0.016985645933014354,32.833333333333336,37.80909090909091,25.59090909090909
3/19/18,SD,0.046150234741784035,29.27777777777778,35.89523809523809,27.228571428571428
3/21/18,SD,0.00625615763546798,36.833333333333336,43.54,23.53
3/23/18,SD,0.06784037558685448,41.27777777777778,48.94897959183673,31.214285714285715
3/24/18,SD,0.3292887029288703,37.72222222222222,43.89423076923077,29.0
3/3/18,TN,0.0006382978723404256,43.714285714285715,54.73451327433628,31.02654867256637
3/4/18,TN,2.6737967914438505e-05,46.904761904761905,58.12173913043478,30.91304347826087
3/5/18,TN,0.08359788359788362,48.285714285714285,61.2,35.55833333333333
3/6/18,TN,0.2898034398034398,51.42857142857143,58.264,39.68
3/7/18,TN,0.011968085106382979,38.19047619047619,56.63865546218487,32.8235294117647
3/8/18,TN,0.007551546391752579,34.333333333333336,41.62809917355372,28.598360655737704
3/9/18,TN,0.0012533333333333335,40.76190476190476,45.15126050420168,23.80672268907563
3/15/18,TN,0.002798913043478261,49.38095238095238,52.9051724137931,27.949152542372882
3/17/18,TN,0.13601542416452442,61.666666666666664,69.38053097345133,43.044642857142854
3/18/18,TN,0.05784366576819407,53.333333333333336,71.32758620689656,44.189655172413794
3/19/18,TN,0.08160804020100504,55.857142857142854,62.57627118644068,45.05
3/21/18,TN,0.15150259067357513,36.55,50.01724137931034,31.156521739130437
3/23/18,TN,0.0023835616438356165,45.6,54.41880341880342,29.863247863247864
3/24/18,TN,0.09292225201072385,50.1,56.5377358490566,39.29245283018868
3/3/18,TX,0.003122619954303123,61.83561643835616,73.37082066869301,46.066869300911854
3/4/18,TX,0.04013249651324965,66.86301369863014,75.75892857142857,54.04179104477612
3/5/18,TX,0.013380782918149463,66.6986301369863,77.5907780979827,54.72753623188406
3/6/18,TX,0.07259887005649718,55.93150684931507,71.41379310344827,40.88505747126437
3/7/18,TX,0.03034883720930233,51.273972602739725,65.98265895953757,37.3150289017341
3/8/18,TX,5.223880597014926e-05,54.68493150684932,66.53892215568862,39.26409495548961
3/9/18,TX,8.908685968819599e-05,61.67123287671233,72.0635838150289,45.401162790697676
3/15/18,TX,5.397070161912105e-05,61.89041095890411,72.11695906432749,43.08211143695015
3/17/18,TX,0.01474537037037037,68.52054794520548,81.38235294117646,55.391176470588235
3/18/18,TX,0.13359581881533103,68.5068493150685,79.78466076696165,57.44213649851632
3/19/18,TX,0.0714155571128241,66.23287671232876,79.33903133903134,53.808571428571426
3/21/18,TX,7.479431563201197e-06,58.80821917808219,72.52753623188406,40.19942196531792
3/23/18,TX,8.390541571319605e-05,68.93150684931507,81.86567164179104,53.28358208955224
3/24/18,TX,0.000372093023255814,71.6986301369863,83.00299401197604,59.08383233532934
3/3/18,UT,0.04467032967032966,34.90625,47.675824175824175,27.82967032967033
3/4/18,UT,0.27102150537634406,21.729166666666668,39.41935483870968,19.344086021505376
3/5/18,UT,0.031073446327683617,19.33684210526316,35.638888888888886,12.338888888888889
3/6/18,UT,0.0,23.333333333333332,40.51111111111111,11.566666666666666
3/7/18,UT,0.001092896174863388,30.5625,45.472527472527474,16.607734806629836
3/8/18,UT,0.0011299435028248588,36.760416666666664,51.150837988826815,23.201117318435752
3/9/18,UT,0.0011299435028248588,38.5,53.452513966480446,28.553072625698324
3/15/18,UT,0.3672020725388601,29.895833333333332,47.202185792349724,28.207650273224044
3/17/18,UT,0.1252127659574468,29.729166666666668,43.23243243243243,25.78918918918919
3/18/18,UT,0.14792553191489363,23.177083333333332,37.51891891891892,21.756756756756758
3/19/18,UT,0.027945945945945946,25.65625,41.19786096256684,18.379679144385026
3/21/18,UT,0.01674033149171271,39.979166666666664,53.07486631016043,30.41176470588235
3/23/18,UT,0.40211956521739134,37.427083333333336,51.96610169491525,33.07865168539326
3/24/18,UT,0.04355932203389831,37.125,51.67777777777778,30.4
3/3/18,VA,0.001287878787878788,41.61538461538461,48.4875,31.666666666666668
3/4/18,VA,3.649635036496351e-05,42.07692307692308,50.89655172413793,29.908045977011493
3/5/18,VA,0.00010714285714285714,39.53846153846154,51.56043956043956,26.736263736263737
3/6/18,VA,0.03574468085106384,37.23076923076923,49.662921348314605,25.833333333333332
3/7/18,VA,0.2840894568690096,40.53846153846154,46.8,31.933333333333334
3/8/18,VA,0.009357142857142857,36.92307692307692,45.662921348314605,27.696629213483146
3/9/18,VA,0.003102189781021898,35.69230769230769,42.977777777777774,25.766666666666666
3/15/18,VA,0.00155893536121673,41.15384615384615,44.92941176470588,25.423529411764704
3/17/18,VA,0.007407407407407408,40.0,52.20238095238095,26.952380952380953
3/18/18,VA,0.161602787456446,45.38461538461539,57.21951219512195,32.829268292682926
3/19/18,VA,0.006072727272727272,47.23076923076923,60.0919540229885,34.12643678160919
3/21/18,VA,0.6112811387900356,33.84615384615385,40.127906976744185,29.732558139534884
3/23/18,VA,0.001881918819188192,40.69230769230769,47.92134831460674,28.06741573033708
3/24/18,VA,0.004738805970149254,38.61538461538461,48.857142857142854,27.023809523809526
3/3/18,VT,0.23154761904761903,33.4,35.16129032258065,29.032258064516128
3/4/18,VT,0.0030864197530864196,32.6,36.83870967741935,29.419354838709676
3/5/18,VT,0.06901234567901235,32.0,35.96969696969697,27.90909090909091
3/6/18,VT,0.0,31.6,39.294117647058826,18.41176470588235
3/7/18,VT,0.019540229885057474,31.0,38.85294117647059,23.11764705882353
3/8/18,VT,0.527888888888889,28.8,32.36363636363637,26.323529411764707
3/9/18,VT,0.23752808988764046,29.0,32.02777777777778,21.97222222222222
3/15/18,VT,0.35280898876404493,30.2,33.64705882352941,26.264705882352942
3/17/18,VT,0.007721518987341772,16.8,25.133333333333333,9.419354838709678
3/18/18,VT,0.0005952380952380953,11.0,23.96875,-7.545454545454546
3/19/18,VT,0.0,14.8,23.25,-4.46875
3/21/18,VT,0.0,23.4,36.2,3.3142857142857145
3/23/18,VT,0.0,31.8,41.088235294117645,17.794117647058822
3/24/18,VT,0.0,31.2,39.45454545454545,20.87878787878788
3/3/18,WA,0.04467120181405895,29.844036697247706,42.04639175257732,25.02577319587629
3/4/18,WA,0.042834101382488485,29.174311926605505,39.61224489795919,24.770408163265305
3/5/18,WA,0.0776252723311547,29.44954128440367,39.57,26.685
3/6/18,WA,0.01044871794871795,30.30275229357798,42.985074626865675,24.645
3/7/18,WA,0.018793859649122807,33.77064220183486,44.868020304568525,25.314720812182742
3/8/18,WA,0.20565677966101695,34.972477064220186,42.7005076142132,31.365482233502537
3/9/18,WA,0.3141821946169772,32.42201834862385,42.78217821782178,28.980198019801982
3/15/18,WA,0.06698717948717949,33.84403669724771,47.46969696969697,28.53030303030303
3/17/18,WA,0.032062780269058296,35.00917431192661,47.26903553299493,30.624365482233504
3/18/18,WA,0.05013245033112583,35.091743119266056,47.37948717948718,31.577319587628867
3/19/18,WA,0.009413092550790068,34.79816513761468,47.93,29.59
3/21/18,WA,0.032879818594104306,38.11009174311926,50.45177664974619,30.96954314720812
3/23/18,WA,0.3431501057082452,29.788990825688074,41.156565656565654,27.95431472081218
3/24/18,WA,0.24334070796460175,29.703703703703702,40.670212765957444,27.68617021276596
3/3/18,WI,0.0,36.3,43.993197278911566,23.027210884353742
3/4/18,WI,0.0013311688311688312,35.7,42.766666666666666,28.113333333333333
3/5/18,WI,0.018237179487179487,33.0,40.31818181818182,29.448051948051948
3/6/18,WI,0.2599337748344371,28.9,34.45454545454545,25.729166666666668
3/7/18,WI,0.048713826366559486,21.5,31.838926174496645,14.412162162162161
3/8/18,WI,0.00039603960396039607,21.7,28.4635761589404,12.152317880794701
3/9/18,WI,3.389830508474576e-05,23.7,31.888157894736842,12.2317880794702
3/15/18,WI,0.0,30.1,44.07586206896552,18.732876712328768
3/17/18,WI,3.3783783783783784e-05,34.3,41.236111111111114,17.21527777777778
3/18/18,WI,0.0,37.9,49.54109589041096,20.568493150684933
3/19/18,WI,0.0,34.4,49.61333333333334,24.333333333333332
3/21/18,WI,6.64451827242525e-05,29.0,34.93288590604027,19.946308724832214
3/23/18,WI,0.0,31.2,43.20805369127517,17.64
3/24/18,WI,0.0,31.0,40.59027777777778,21.19178082191781
3/3/18,WV,0.02489583333333334,33.2,39.52542372881356,23.57377049180328
3/4/18,WV,0.0001,34.4,44.546875,22.0
3/5/18,WV,0.0,35.8,46.850746268656714,21.432835820895523
3/6/18,WV,0.0129,40.6,47.98461538461538,23.83076923076923
3/7/18,WV,0.11920000000000001,35.4,46.5,30.984848484848484
3/8/18,WV,0.07111111111111112,29.2,37.16923076923077,25.323076923076922
3/9/18,WV,0.06721649484536084,28.4,34.171875,22.9375
3/15/18,WV,0.02188888888888889,36.4,35.285714285714285,21.650793650793652
3/17/18,WV,0.02581632653061225,35.0,43.21875,21.859375
3/18/18,WV,0.12244897959183673,42.4,46.5,24.580645161290324
3/19/18,WV,0.013265306122448977,45.8,57.07462686567164,26.71641791044776
3/21/18,WV,0.5027272727272727,32.8,41.53846153846154,28.56923076923077
3/23/18,WV,0.00011363636363636364,34.6,41.93333333333333,21.683333333333334
3/24/18,WV,0.026363636363636363,31.8,43.96610169491525,20.88135593220339
3/3/18,WY,0.05870967741935484,30.523809523809526,42.891304347826086,21.29891304347826
3/4/18,WY,0.07885245901639344,21.20952380952381,35.50273224043716,14.451086956521738
3/5/18,WY,0.04050632911392405,14.514285714285714,26.858638743455497,9.827225130890053
3/6/18,WY,0.015531250000000002,17.333333333333332,30.51063829787234,9.292553191489361
3/7/18,WY,0.022898089171974525,22.20952380952381,37.406417112299465,7.411764705882353
3/8/18,WY,0.02480769230769231,29.2,42.51381215469613,16.0989010989011
3/9/18,WY,0.01211726384364821,30.685714285714287,43.11731843575419,22.87150837988827
3/15/18,WY,0.05962732919254659,32.53333333333333,47.65760869565217,25.108695652173914
3/17/18,WY,0.052321981424148616,27.8,41.8563829787234,18.617021276595743
3/18/18,WY,0.03174454828660436,23.466666666666665,38.58064516129032,17.102150537634408
3/19/18,WY,0.08003012048192772,22.80952380952381,35.86021505376344,17.77956989247312
3/21/18,WY,0.03759375,30.98095238095238,43.48618784530387,20.613259668508288
3/23/18,WY,0.09576323987538939,34.54807692307692,48.65,27.772222222222222
3/24/18,WY,0.04781931464174455,31.37142857142857,47.327777777777776,22.805555555555557
